{
  "hash": "87099da80f1264fc5800a3a8e3874d9b",
  "result": {
    "engine": "knitr",
    "markdown": "---\ntitle: Short Paper\nsubtitle: A Short Subtitle\nauthor:\n  - name: Alice Anonymous\n    email: alice@example.com\n    affiliations: \n        - id: some-tech\n          name: Some Institute of Technology\n          department: Department Name\n          address: Street Address\n          city: City\n          state: State\n          postal-code: Postal Code\n    attributes:\n        corresponding: true\n    note: This is the first author footnote.\n  - name: Bob Security\n    email: bob@example.com\n    affiliations:\n        - id: another-u\n          name: Another University\n          department: Department Name\n          address: Street Address\n          city: City\n          state: State\n          postal-code: Postal Code\n    note: |\n      Another author footnote, this is a very long footnote and it should be a really long footnote. But this footnote is not yet sufficiently long enough to make two lines of footnote text.\n  - name: Cat Memes\n    email: cat@example.com\n    affiliations:\n        - ref: another-u\n    note: Yet another author footnote.\n  - name: Derek Zoolander\n    email: derek@example.com\n    affilations:\n        - ref: some-tech\nabstract: |\n  This is the abstract. Lorem ipsum dolor sit amet, consectetur adipiscing elit. Vestibulum augue turpis, dictum non malesuada a, volutpat eget velit. Nam placerat turpis purus, eu tristique ex tincidunt et. Mauris sed augue eget turpis ultrices tincidunt. Sed et mi in leo porta egestas. Aliquam non laoreet velit. Nunc quis ex vitae eros aliquet auctor nec ac libero. Duis laoreet sapien eu mi luctus, in bibendum leo molestie. Sed hendrerit diam diam, ac dapibus nisl volutpat vitae. Aliquam bibendum varius libero, eu efficitur justo rutrum at. Sed at tempus elit.\nkeywords: \n  - keyword1\n  - keyword2\ndate: last-modified\nbibliography: bibliography.bib\nformat:\n  elsevier-pdf:\n    keep-tex: true\n    journal:\n      name: Journal Name\n      formatting: preprint\n      model: 3p\n      cite-style: super\n---\n\n\n\nPlease make sure that your manuscript follows the guidelines in the \nGuide for Authors of the relevant journal. It is not necessary to \ntypeset your manuscript in exactly the same way as an article, \nunless you are submitting to a camera-ready copy (CRC) journal.\n\nFor detailed instructions regarding the elsevier article class, see   <https://www.elsevier.com/authors/policies-and-guidelines/latex-instructions>\n\n# Bibliography styles\n\nHere are two sample references:  @Feynman1963118 @Dirac1953888.\n\nBy default, natbib will be used with the `authoryear` style, set in `classoption` variable in YAML. \nYou can sets extra options with `natbiboptions` variable in YAML header. Example \n\n```\nnatbiboptions: longnamesfirst,angle,semicolon\n```\n\nThere are various more specific bibliography styles available at\n<https://support.stmdocs.in/wiki/index.php?title=Model-wise_bibliographic_style_files>. \nTo use one of these, add it in the header using, for example, `biblio-style: model1-num-names`.\n\n## Using CSL \n\nIf `cite-method` is set to `citeproc` in `elsevier_article()`, then pandoc is used for citations instead of `natbib`. In this case, the `csl` option is used to format the references. By default, this template will provide an appropriate style, but alternative `csl` files are available from <https://www.zotero.org/styles?q=elsevier>. These can be downloaded\nand stored locally, or the url can be used as in the example header.\n\n# Equations\n\nHere is an equation:\n$$ \n  f_{X}(x) = \\left(\\frac{\\alpha}{\\beta}\\right)\n  \\left(\\frac{x}{\\beta}\\right)^{\\alpha-1}\n  e^{-\\left(\\frac{x}{\\beta}\\right)^{\\alpha}}; \n  \\alpha,\\beta,x > 0 .\n$$\n\nInline equations work as well: $\\sum_{i = 2}^\\infty\\{\\alpha_i^\\beta\\}$\n\n# Figures and tables\n\n@fig-meaningless is generated using an R chunk.\n\n\n\n::: {#cell-fig-meaningless .cell layout-align=\"center\"}\n\n```{.r .cell-code .hidden}\n#| label: fig-meaningless\n#| fig-cap: A meaningless scatterplot\n#| fig-width: 5\n#| fig-height: 5\n#| fig-align: center\n#| out-width: 50%\n#| echo: false\nplot(runif(25), runif(25))\n```\n\n::: {.cell-output-display}\n![A meaningless scatterplot](elsevier_files/figure-html/fig-meaningless-1.png){#fig-meaningless fig-align='center' width=50%}\n:::\n:::\n\n\n\n# Tables coming from R\n\nTables can also be generated using R chunks, as shown in @tbl-simple example.\n\n\n\n::: {#tbl-simple .cell tbl-cap='Caption centered above table'}\n\n```{.r .cell-code}\n#| label: tbl-simple\n#| tbl-cap: Caption centered above table\n#| echo: true\nknitr::kable(head(mtcars)[,1:4])\n```\n\n::: {.cell-output-display}\n\n\n|                  |  mpg| cyl| disp|  hp|\n|:-----------------|----:|---:|----:|---:|\n|Mazda RX4         | 21.0|   6|  160| 110|\n|Mazda RX4 Wag     | 21.0|   6|  160| 110|\n|Datsun 710        | 22.8|   4|  108|  93|\n|Hornet 4 Drive    | 21.4|   6|  258| 110|\n|Hornet Sportabout | 18.7|   8|  360| 175|\n|Valiant           | 18.1|   6|  225| 105|\n\n\n:::\n:::\n\n\n\n# References {-}\n",
    "supporting": [
      "elsevier_files"
    ],
    "filters": [
      "rmarkdown/pagebreak.lua"
    ],
    "includes": {},
    "engineDependencies": {},
    "preserve": {},
    "postProcess": true
  }
}