<?xml version="1.0" encoding="UTF-8"?>
<!DOCTYPE manifest PUBLIC "-//MECA//DTD Manifest v1.0//en" "MECA_manifest.dtd">
<manifest manifest-version="1" xmlns="https://manuscriptexchange.org/schema/manifest" xmlns:xlink="http://www.w3.org/1999/xlink">
  <item item-type="article-metadata">
    <instance media-type="text/xml" xlink:href="index.xml"/>
  </item>
  <item item-type="manuscript">
    <instance media-type="application/vnd.openxmlformats-officedocument.wordprocessingml.document" xlink:href="index.docx"/>
  </item>
  <item item-type="manuscript-supporting-file">
    <instance media-type="image/png" xlink:href="01_field_cages_plant_nutrient_analyses_files/figure-jats/cell-7-output-2.png"/>
  </item>
  <item item-type="manuscript-supporting-file">
    <instance media-type="image/png" xlink:href="01_field_cages_plant_nutrient_analyses_files/figure-jats/cell-12-output-1.png"/>
  </item>
  <item item-type="manuscript-supporting-file">
    <instance media-type="image/png" xlink:href="02_field_cages_locust_physiology_analyses_files/figure-jats/cell-26-output-1.png"/>
  </item>
  <item item-type="manuscript-supporting-file">
    <instance media-type="image/png" xlink:href="02_field_cages_locust_physiology_analyses_files/figure-jats/cell-13-output-1.png"/>
  </item>
  <item item-type="manuscript-supporting-file">
    <instance media-type="image/png" xlink:href="02_field_cages_locust_physiology_analyses_files/figure-jats/cell-12-output-1.png"/>
  </item>
  <item item-type="manuscript-supporting-file">
    <instance media-type="image/png" xlink:href="02_field_cages_locust_physiology_analyses_files/figure-jats/cell-16-output-2.png"/>
  </item>
  <item item-type="manuscript-supporting-file">
    <instance media-type="image/png" xlink:href="03_field_cage_manuscript_figure_table_code.ipynb_files/figure-jats/cell-27-output-2.png"/>
  </item>
  <item item-type="manuscript-supporting-file">
    <instance media-type="image/png" xlink:href="03_field_cage_manuscript_figure_table_code.ipynb_files/figure-jats/cell-7-output-1.png"/>
  </item>
  <item item-type="manuscript-supporting-file">
    <instance media-type="image/png" xlink:href="03_field_cage_manuscript_figure_table_code.ipynb_files/figure-jats/cell-10-output-2.png"/>
  </item>
  <item item-type="manuscript-supporting-file">
    <instance media-type="image/png" xlink:href="03_field_cage_manuscript_figure_table_code.ipynb_files/figure-jats/cell-24-output-1.png"/>
  </item>
  <item item-type="manuscript-supporting-file">
    <instance media-type="image/png" xlink:href="01_field_population_intake_target_choice_diet_analysis_files/figure-jats/cell-7-output-2.png"/>
  </item>
  <item item-type="manuscript-supporting-file">
    <instance media-type="image/png" xlink:href="02_field_population_intake_target_no_choice_diet_analysis_files/figure-jats/cell-8-output-1.png"/>
  </item>
  <item item-type="manuscript-supporting-file">
    <instance media-type="image/png" xlink:href="02_field_population_intake_target_no_choice_diet_analysis_files/figure-jats/cell-9-output-1.png"/>
  </item>
  <item item-type="manuscript-supporting-file">
    <instance media-type="image/png" xlink:href="03_field_population_intake_target_manuscript_figure_table_code_files/figure-jats/cell-7-output-1.png"/>
  </item>
  <item item-type="manuscript-supporting-file">
    <instance media-type="image/png" xlink:href="03_field_population_intake_target_manuscript_figure_table_code_files/figure-jats/cell-5-output-1.png"/>
  </item>
  <item item-type="manuscript-supporting-file">
    <instance media-type="image/png" xlink:href="06_spatial_modeling_figure_table_construction_code_files/figure-jats/cell-19-output-1.png"/>
  </item>
  <item item-type="manuscript-supporting-file">
    <instance media-type="image/png" xlink:href="06_spatial_modeling_figure_table_construction_code_files/figure-jats/cell-12-output-1.png"/>
  </item>
  <item item-type="manuscript-supporting-file">
    <instance media-type="image/png" xlink:href="06_spatial_modeling_figure_table_construction_code_files/figure-jats/cell-18-output-1.png"/>
  </item>
  <item item-type="manuscript-supporting-file">
    <instance media-type="image/png" xlink:href="03_australian_plague_locust_raw_data_visualization_files/figure-jats/cell-12-output-2.png"/>
  </item>
  <item item-type="manuscript-supporting-file">
    <instance media-type="image/png" xlink:href="03_australian_plague_locust_raw_data_visualization_files/figure-jats/cell-20-output-1.png"/>
  </item>
  <item item-type="manuscript-supporting-file">
    <instance media-type="image/png" xlink:href="03_australian_plague_locust_raw_data_visualization_files/figure-jats/cell-24-output-1.png"/>
  </item>
  <item item-type="manuscript-supporting-file">
    <instance media-type="image/png" xlink:href="output/publication_figures/spatial_modeling_locust_env_map.png"/>
  </item>
  <item item-type="manuscript-supporting-file">
    <instance media-type="image/png" xlink:href="output/publication_figures/field_population_intake_target_figure.png"/>
  </item>
  <item item-type="manuscript-supporting-file">
    <instance media-type="image/png" xlink:href="output/publication_figures/field_cage_plant_locust_figure.png"/>
  </item>
  <item item-type="manuscript-supporting-file">
    <instance media-type="image/png" xlink:href="output/publication_figures/field_cage_locust_intake_target_rebalancing.png"/>
  </item>
  <item item-type="manuscript-supporting-file">
    <instance media-type="image/png" xlink:href="output/publication_figures/field_cage_plant_and_soil_nutrient_correlations.png"/>
  </item>
  <item item-type="manuscript-supporting-file">
    <instance media-type="image/png" xlink:href="output/publication_figures/spatial_modeling_grid_example_map.png"/>
  </item>
  <item item-type="manuscript-supporting-file">
    <instance media-type="image/png" xlink:href="output/publication_figures/supplement_figure_3.png"/>
  </item>
  <item item-type="manuscript-supporting-file">
    <instance media-type="image/png" xlink:href="output/publication_figures/field_cage_locust_intake_rebalance_day_facet_plot.png"/>
  </item>
  <item item-type="manuscript-supporting-file">
    <instance media-type="image/png" xlink:href="output/publication_figures/spatial_modeling_environment_correlation_figure.png"/>
  </item>
  <item item-type="manuscript-supporting-file">
    <instance media-type="application/octet-stream" xlink:href="index.qmd"/>
  </item>
  <item item-type="manuscript-supporting-file">
    <instance media-type="application/x-ipynb+json" xlink:href="scripts/field_cage_experiment/01_field_cages_plant_nutrient_analyses.ipynb"/>
  </item>
  <item item-type="manuscript-supporting-file">
    <instance media-type="application/x-ipynb+json" xlink:href="scripts/field_cage_experiment/02_field_cages_locust_physiology_analyses.ipynb"/>
  </item>
  <item item-type="manuscript-supporting-file">
    <instance media-type="application/x-ipynb+json" xlink:href="scripts/field_cage_experiment/03_field_cage_manuscript_figure_table_code.ipynb.ipynb"/>
  </item>
  <item item-type="manuscript-supporting-file">
    <instance media-type="application/x-ipynb+json" xlink:href="scripts/field_populations/01_field_population_intake_target_choice_diet_analysis.ipynb"/>
  </item>
  <item item-type="manuscript-supporting-file">
    <instance media-type="application/x-ipynb+json" xlink:href="scripts/field_populations/02_field_population_intake_target_no_choice_diet_analysis.ipynb"/>
  </item>
  <item item-type="manuscript-supporting-file">
    <instance media-type="application/x-ipynb+json" xlink:href="scripts/field_populations/03_field_population_intake_target_manuscript_figure_table_code.ipynb"/>
  </item>
  <item item-type="manuscript-supporting-file">
    <instance media-type="application/x-ipynb+json" xlink:href="scripts/spatial_modeling/05_locust_distribution_soil_nutrient_mapping.ipynb"/>
  </item>
  <item item-type="manuscript-supporting-file">
    <instance media-type="application/x-ipynb+json" xlink:href="scripts/spatial_modeling/01_fishnet_grid_construction.ipynb"/>
  </item>
  <item item-type="manuscript-supporting-file">
    <instance media-type="application/x-ipynb+json" xlink:href="scripts/spatial_modeling/04_environmental_correlations_map_nitrogen_phosphorus_woody_cover.ipynb"/>
  </item>
  <item item-type="manuscript-supporting-file">
    <instance media-type="application/x-ipynb+json" xlink:href="scripts/spatial_modeling/06_spatial_modeling_figure_table_construction_code.ipynb"/>
  </item>
  <item item-type="manuscript-supporting-file">
    <instance media-type="application/x-ipynb+json" xlink:href="scripts/spatial_modeling/02_fishnet_google_earth_engine_extraction.ipynb"/>
  </item>
  <item item-type="manuscript-supporting-file">
    <instance media-type="application/x-ipynb+json" xlink:href="scripts/spatial_modeling/03_australian_plague_locust_raw_data_visualization.ipynb"/>
  </item>
  <item item-type="article-source">
    <instance media-type="application/octet-stream" xlink:href="source/.Rprofile"/>
  </item>
  <item item-type="article-source">
    <instance media-type="application/octet-stream" xlink:href="source/.github/workflows/publish.yml"/>
  </item>
  <item item-type="article-source">
    <instance media-type="application/octet-stream" xlink:href="source/.gitignore"/>
  </item>
  <item item-type="article-source">
    <instance media-type="application/octet-stream" xlink:href="source/.revignore"/>
  </item>
  <item item-type="article-source">
    <instance media-type="application/octet-stream" xlink:href="source/LICENSE"/>
  </item>
  <item item-type="article-source">
    <instance media-type="text/markdown" xlink:href="source/README.md"/>
  </item>
  <item item-type="article-source">
    <instance media-type="application/json" xlink:href="source/_freeze/index/execute-results/docx.json"/>
  </item>
  <item item-type="article-source">
    <instance media-type="application/json" xlink:href="source/_freeze/index/execute-results/html.json"/>
  </item>
  <item item-type="article-source">
    <instance media-type="application/json" xlink:href="source/_freeze/index/execute-results/xml.json"/>
  </item>
  <item item-type="article-source">
    <instance media-type="text/css" xlink:href="source/_freeze/site_libs/bootstrap/bootstrap-icons.css"/>
  </item>
  <item item-type="article-source">
    <instance media-type="application/font-woff" xlink:href="source/_freeze/site_libs/bootstrap/bootstrap-icons.woff"/>
  </item>
  <item item-type="article-source">
    <instance media-type="text/css" xlink:href="source/_freeze/site_libs/bootstrap/bootstrap.min.css"/>
  </item>
  <item item-type="article-source">
    <instance media-type="application/javascript" xlink:href="source/_freeze/site_libs/bootstrap/bootstrap.min.js"/>
  </item>
  <item item-type="article-source">
    <instance media-type="application/javascript" xlink:href="source/_freeze/site_libs/clipboard/clipboard.min.js"/>
  </item>
  <item item-type="article-source">
    <instance media-type="application/javascript" xlink:href="source/_freeze/site_libs/kePrint-0.0.1/kePrint.js"/>
  </item>
  <item item-type="article-source">
    <instance media-type="text/css" xlink:href="source/_freeze/site_libs/lightable-0.0.1/lightable.css"/>
  </item>
  <item item-type="article-source">
    <instance media-type="application/javascript" xlink:href="source/_freeze/site_libs/manuscript-notebook/headroom.min.js"/>
  </item>
  <item item-type="article-source">
    <instance media-type="text/css" xlink:href="source/_freeze/site_libs/quarto-contrib/glightbox/glightbox.min.css"/>
  </item>
  <item item-type="article-source">
    <instance media-type="application/javascript" xlink:href="source/_freeze/site_libs/quarto-contrib/glightbox/glightbox.min.js"/>
  </item>
  <item item-type="article-source">
    <instance media-type="text/css" xlink:href="source/_freeze/site_libs/quarto-contrib/glightbox/lightbox.css"/>
  </item>
  <item item-type="article-source">
    <instance media-type="application/javascript" xlink:href="source/_freeze/site_libs/quarto-html/anchor.min.js"/>
  </item>
  <item item-type="article-source">
    <instance media-type="application/javascript" xlink:href="source/_freeze/site_libs/quarto-html/popper.min.js"/>
  </item>
  <item item-type="article-source">
    <instance media-type="text/css" xlink:href="source/_freeze/site_libs/quarto-html/quarto-syntax-highlighting.css"/>
  </item>
  <item item-type="article-source">
    <instance media-type="application/javascript" xlink:href="source/_freeze/site_libs/quarto-html/quarto.js"/>
  </item>
  <item item-type="article-source">
    <instance media-type="text/css" xlink:href="source/_freeze/site_libs/quarto-html/tippy.css"/>
  </item>
  <item item-type="article-source">
    <instance media-type="application/javascript" xlink:href="source/_freeze/site_libs/quarto-html/tippy.umd.min.js"/>
  </item>
  <item item-type="article-source">
    <instance media-type="text/html" xlink:href="source/_manuscript/index-preview.html"/>
  </item>
  <item item-type="article-source">
    <instance media-type="application/vnd.openxmlformats-officedocument.wordprocessingml.document" xlink:href="source/_manuscript/index.docx"/>
  </item>
  <item item-type="article-source">
    <instance media-type="text/html" xlink:href="source/_manuscript/index.html"/>
  </item>
  <item item-type="article-source">
    <instance media-type="application/x-ipynb+json" xlink:href="source/_manuscript/index.out.ipynb"/>
  </item>
  <item item-type="article-source">
    <instance media-type="application/octet-stream" xlink:href="source/_manuscript/index.qmd"/>
  </item>
  <item item-type="article-source">
    <instance media-type="image/png" xlink:href="source/_manuscript/output/publication_figures/field_cage_locust_intake_rebalance_day_facet_plot.png"/>
  </item>
  <item item-type="article-source">
    <instance media-type="image/png" xlink:href="source/_manuscript/output/publication_figures/field_cage_locust_intake_target_rebalancing.png"/>
  </item>
  <item item-type="article-source">
    <instance media-type="image/png" xlink:href="source/_manuscript/output/publication_figures/field_cage_plant_and_soil_nutrient_correlations.png"/>
  </item>
  <item item-type="article-source">
    <instance media-type="image/png" xlink:href="source/_manuscript/output/publication_figures/field_cage_plant_locust_figure.png"/>
  </item>
  <item item-type="article-source">
    <instance media-type="image/png" xlink:href="source/_manuscript/output/publication_figures/field_population_intake_target_figure.png"/>
  </item>
  <item item-type="article-source">
    <instance media-type="image/png" xlink:href="source/_manuscript/output/publication_figures/spatial_modeling_environment_correlation_figure.png"/>
  </item>
  <item item-type="article-source">
    <instance media-type="image/png" xlink:href="source/_manuscript/output/publication_figures/spatial_modeling_grid_example_map.png"/>
  </item>
  <item item-type="article-source">
    <instance media-type="image/png" xlink:href="source/_manuscript/output/publication_figures/spatial_modeling_locust_env_map.png"/>
  </item>
  <item item-type="article-source">
    <instance media-type="image/png" xlink:href="source/_manuscript/output/publication_figures/supplement_figure_3.png"/>
  </item>
  <item item-type="article-source">
    <instance media-type="text/html" xlink:href="source/_manuscript/scripts/field_cage_experiment/01_field_cages_plant_nutrient_analyses-preview.html"/>
  </item>
  <item item-type="article-source">
    <instance media-type="application/x-ipynb+json" xlink:href="source/_manuscript/scripts/field_cage_experiment/01_field_cages_plant_nutrient_analyses.out.ipynb"/>
  </item>
  <item item-type="article-source">
    <instance media-type="image/png" xlink:href="source/_manuscript/scripts/field_cage_experiment/01_field_cages_plant_nutrient_analyses_files/figure-html/cell-12-output-1.png"/>
  </item>
  <item item-type="article-source">
    <instance media-type="image/png" xlink:href="source/_manuscript/scripts/field_cage_experiment/01_field_cages_plant_nutrient_analyses_files/figure-html/cell-7-output-2.png"/>
  </item>
  <item item-type="article-source">
    <instance media-type="text/html" xlink:href="source/_manuscript/scripts/field_cage_experiment/02_field_cages_locust_physiology_analyses-preview.html"/>
  </item>
  <item item-type="article-source">
    <instance media-type="application/x-ipynb+json" xlink:href="source/_manuscript/scripts/field_cage_experiment/02_field_cages_locust_physiology_analyses.out.ipynb"/>
  </item>
  <item item-type="article-source">
    <instance media-type="image/png" xlink:href="source/_manuscript/scripts/field_cage_experiment/02_field_cages_locust_physiology_analyses_files/figure-html/cell-12-output-1.png"/>
  </item>
  <item item-type="article-source">
    <instance media-type="image/png" xlink:href="source/_manuscript/scripts/field_cage_experiment/02_field_cages_locust_physiology_analyses_files/figure-html/cell-13-output-1.png"/>
  </item>
  <item item-type="article-source">
    <instance media-type="image/png" xlink:href="source/_manuscript/scripts/field_cage_experiment/02_field_cages_locust_physiology_analyses_files/figure-html/cell-16-output-2.png"/>
  </item>
  <item item-type="article-source">
    <instance media-type="image/png" xlink:href="source/_manuscript/scripts/field_cage_experiment/02_field_cages_locust_physiology_analyses_files/figure-html/cell-26-output-1.png"/>
  </item>
  <item item-type="article-source">
    <instance media-type="text/html" xlink:href="source/_manuscript/scripts/field_cage_experiment/03_field_cage_manuscript_figure_table_code.ipynb-preview.html"/>
  </item>
  <item item-type="article-source">
    <instance media-type="application/x-ipynb+json" xlink:href="source/_manuscript/scripts/field_cage_experiment/03_field_cage_manuscript_figure_table_code.ipynb.out.ipynb"/>
  </item>
  <item item-type="article-source">
    <instance media-type="image/png" xlink:href="source/_manuscript/scripts/field_cage_experiment/03_field_cage_manuscript_figure_table_code.ipynb_files/figure-html/cell-10-output-2.png"/>
  </item>
  <item item-type="article-source">
    <instance media-type="image/png" xlink:href="source/_manuscript/scripts/field_cage_experiment/03_field_cage_manuscript_figure_table_code.ipynb_files/figure-html/cell-24-output-1.png"/>
  </item>
  <item item-type="article-source">
    <instance media-type="image/png" xlink:href="source/_manuscript/scripts/field_cage_experiment/03_field_cage_manuscript_figure_table_code.ipynb_files/figure-html/cell-7-output-1.png"/>
  </item>
  <item item-type="article-source">
    <instance media-type="text/html" xlink:href="source/_manuscript/scripts/field_populations/01_field_population_intake_target_choice_diet_analysis-preview.html"/>
  </item>
  <item item-type="article-source">
    <instance media-type="application/x-ipynb+json" xlink:href="source/_manuscript/scripts/field_populations/01_field_population_intake_target_choice_diet_analysis.out.ipynb"/>
  </item>
  <item item-type="article-source">
    <instance media-type="image/png" xlink:href="source/_manuscript/scripts/field_populations/01_field_population_intake_target_choice_diet_analysis_files/figure-html/cell-7-output-2.png"/>
  </item>
  <item item-type="article-source">
    <instance media-type="text/html" xlink:href="source/_manuscript/scripts/field_populations/02_field_population_intake_target_no_choice_diet_analysis-preview.html"/>
  </item>
  <item item-type="article-source">
    <instance media-type="application/x-ipynb+json" xlink:href="source/_manuscript/scripts/field_populations/02_field_population_intake_target_no_choice_diet_analysis.out.ipynb"/>
  </item>
  <item item-type="article-source">
    <instance media-type="image/png" xlink:href="source/_manuscript/scripts/field_populations/02_field_population_intake_target_no_choice_diet_analysis_files/figure-html/cell-8-output-1.png"/>
  </item>
  <item item-type="article-source">
    <instance media-type="image/png" xlink:href="source/_manuscript/scripts/field_populations/02_field_population_intake_target_no_choice_diet_analysis_files/figure-html/cell-9-output-1.png"/>
  </item>
  <item item-type="article-source">
    <instance media-type="text/html" xlink:href="source/_manuscript/scripts/field_populations/03_field_population_intake_target_manuscript_figure_table_code-preview.html"/>
  </item>
  <item item-type="article-source">
    <instance media-type="application/x-ipynb+json" xlink:href="source/_manuscript/scripts/field_populations/03_field_population_intake_target_manuscript_figure_table_code.out.ipynb"/>
  </item>
  <item item-type="article-source">
    <instance media-type="image/png" xlink:href="source/_manuscript/scripts/field_populations/03_field_population_intake_target_manuscript_figure_table_code_files/figure-html/cell-5-output-1.png"/>
  </item>
  <item item-type="article-source">
    <instance media-type="image/png" xlink:href="source/_manuscript/scripts/field_populations/03_field_population_intake_target_manuscript_figure_table_code_files/figure-html/cell-7-output-1.png"/>
  </item>
  <item item-type="article-source">
    <instance media-type="text/html" xlink:href="source/_manuscript/scripts/spatial_modeling/01_fishnet_grid_construction-preview.html"/>
  </item>
  <item item-type="article-source">
    <instance media-type="application/x-ipynb+json" xlink:href="source/_manuscript/scripts/spatial_modeling/01_fishnet_grid_construction.out.ipynb"/>
  </item>
  <item item-type="article-source">
    <instance media-type="text/html" xlink:href="source/_manuscript/scripts/spatial_modeling/02_fishnet_google_earth_engine_extraction-preview.html"/>
  </item>
  <item item-type="article-source">
    <instance media-type="application/x-ipynb+json" xlink:href="source/_manuscript/scripts/spatial_modeling/02_fishnet_google_earth_engine_extraction.out.ipynb"/>
  </item>
  <item item-type="article-source">
    <instance media-type="text/html" xlink:href="source/_manuscript/scripts/spatial_modeling/03_australian_plague_locust_raw_data_visualization-preview.html"/>
  </item>
  <item item-type="article-source">
    <instance media-type="application/x-ipynb+json" xlink:href="source/_manuscript/scripts/spatial_modeling/03_australian_plague_locust_raw_data_visualization.out.ipynb"/>
  </item>
  <item item-type="article-source">
    <instance media-type="text/html" xlink:href="source/_manuscript/scripts/spatial_modeling/04_environmental_correlations_map_nitrogen_phosphorus_woody_cover-preview.html"/>
  </item>
  <item item-type="article-source">
    <instance media-type="application/x-ipynb+json" xlink:href="source/_manuscript/scripts/spatial_modeling/04_environmental_correlations_map_nitrogen_phosphorus_woody_cover.out.ipynb"/>
  </item>
  <item item-type="article-source">
    <instance media-type="text/html" xlink:href="source/_manuscript/scripts/spatial_modeling/05_locust_distribution_soil_nutrient_mapping-preview.html"/>
  </item>
  <item item-type="article-source">
    <instance media-type="application/x-ipynb+json" xlink:href="source/_manuscript/scripts/spatial_modeling/05_locust_distribution_soil_nutrient_mapping.out.ipynb"/>
  </item>
  <item item-type="article-source">
    <instance media-type="text/html" xlink:href="source/_manuscript/scripts/spatial_modeling/06_spatial_modeling_figure_table_construction_code-preview.html"/>
  </item>
  <item item-type="article-source">
    <instance media-type="application/x-ipynb+json" xlink:href="source/_manuscript/scripts/spatial_modeling/06_spatial_modeling_figure_table_construction_code.out.ipynb"/>
  </item>
  <item item-type="article-source">
    <instance media-type="image/png" xlink:href="source/_manuscript/scripts/spatial_modeling/06_spatial_modeling_figure_table_construction_code_files/figure-html/cell-12-output-1.png"/>
  </item>
  <item item-type="article-source">
    <instance media-type="image/png" xlink:href="source/_manuscript/scripts/spatial_modeling/06_spatial_modeling_figure_table_construction_code_files/figure-html/cell-18-output-1.png"/>
  </item>
  <item item-type="article-source">
    <instance media-type="image/png" xlink:href="source/_manuscript/scripts/spatial_modeling/06_spatial_modeling_figure_table_construction_code_files/figure-html/cell-19-output-1.png"/>
  </item>
  <item item-type="article-source">
    <instance media-type="text/css" xlink:href="source/_manuscript/site_libs/bootstrap/bootstrap-icons.css"/>
  </item>
  <item item-type="article-source">
    <instance media-type="application/font-woff" xlink:href="source/_manuscript/site_libs/bootstrap/bootstrap-icons.woff"/>
  </item>
  <item item-type="article-source">
    <instance media-type="text/css" xlink:href="source/_manuscript/site_libs/bootstrap/bootstrap.min.css"/>
  </item>
  <item item-type="article-source">
    <instance media-type="application/javascript" xlink:href="source/_manuscript/site_libs/bootstrap/bootstrap.min.js"/>
  </item>
  <item item-type="article-source">
    <instance media-type="application/javascript" xlink:href="source/_manuscript/site_libs/clipboard/clipboard.min.js"/>
  </item>
  <item item-type="article-source">
    <instance media-type="application/javascript" xlink:href="source/_manuscript/site_libs/kePrint-0.0.1/kePrint.js"/>
  </item>
  <item item-type="article-source">
    <instance media-type="text/css" xlink:href="source/_manuscript/site_libs/lightable-0.0.1/lightable.css"/>
  </item>
  <item item-type="article-source">
    <instance media-type="application/javascript" xlink:href="source/_manuscript/site_libs/manuscript-notebook/headroom.min.js"/>
  </item>
  <item item-type="article-source">
    <instance media-type="text/css" xlink:href="source/_manuscript/site_libs/quarto-contrib/glightbox/glightbox.min.css"/>
  </item>
  <item item-type="article-source">
    <instance media-type="application/javascript" xlink:href="source/_manuscript/site_libs/quarto-contrib/glightbox/glightbox.min.js"/>
  </item>
  <item item-type="article-source">
    <instance media-type="text/css" xlink:href="source/_manuscript/site_libs/quarto-contrib/glightbox/lightbox.css"/>
  </item>
  <item item-type="article-source">
    <instance media-type="application/javascript" xlink:href="source/_manuscript/site_libs/quarto-html/anchor.min.js"/>
  </item>
  <item item-type="article-source">
    <instance media-type="application/javascript" xlink:href="source/_manuscript/site_libs/quarto-html/popper.min.js"/>
  </item>
  <item item-type="article-source">
    <instance media-type="text/css" xlink:href="source/_manuscript/site_libs/quarto-html/quarto-syntax-highlighting.css"/>
  </item>
  <item item-type="article-source">
    <instance media-type="application/javascript" xlink:href="source/_manuscript/site_libs/quarto-html/quarto.js"/>
  </item>
  <item item-type="article-source">
    <instance media-type="text/css" xlink:href="source/_manuscript/site_libs/quarto-html/tippy.css"/>
  </item>
  <item item-type="article-source">
    <instance media-type="application/javascript" xlink:href="source/_manuscript/site_libs/quarto-html/tippy.umd.min.js"/>
  </item>
  <item item-type="article-source">
    <instance media-type="application/octet-stream" xlink:href="source/_quarto.yml"/>
  </item>
  <item item-type="article-source">
    <instance media-type="application/octet-stream" xlink:href="source/citation_style.csl"/>
  </item>
  <item item-type="article-source">
    <instance media-type="application/octet-stream" xlink:href="source/index.qmd"/>
  </item>
  <item item-type="article-source">
    <instance media-type="application/octet-stream" xlink:href="source/output/field_cage_experiment/intake_target_through_time_model_selection_criteria_results.csv"/>
  </item>
  <item item-type="article-source">
    <instance media-type="application/octet-stream" xlink:href="source/output/field_cage_experiment/plant_nutrient_model_selection_criteria_results.csv"/>
  </item>
  <item item-type="article-source">
    <instance media-type="image/png" xlink:href="source/output/field_cage_experiment/raw_visualization/intake_target_sex_raw_graph.png"/>
  </item>
  <item item-type="article-source">
    <instance media-type="image/png" xlink:href="source/output/field_cage_experiment/raw_visualization/intake_target_treatment_raw_graph.png"/>
  </item>
  <item item-type="article-source">
    <instance media-type="image/png" xlink:href="source/output/field_cage_experiment/raw_visualization/plant_nutrients_date_raw_graph.png"/>
  </item>
  <item item-type="article-source">
    <instance media-type="image/png" xlink:href="source/output/field_cage_experiment/raw_visualization/plant_nutrients_plot_raw_graph.png"/>
  </item>
  <item item-type="article-source">
    <instance media-type="image/png" xlink:href="source/output/field_cage_experiment/raw_visualization/plant_nutrients_treatment_raw_graph.png"/>
  </item>
  <item item-type="article-source">
    <instance media-type="application/octet-stream" xlink:href="source/output/field_populations/choice_experiment_model_selection_criteria_results.csv"/>
  </item>
  <item item-type="article-source">
    <instance media-type="application/octet-stream" xlink:href="source/output/field_populations/no_choice_experiment_development_time_emm_contrasts.csv"/>
  </item>
  <item item-type="article-source">
    <instance media-type="application/octet-stream" xlink:href="source/output/field_populations/no_choice_experiment_model_selection_criteria_results.csv"/>
  </item>
  <item item-type="article-source">
    <instance media-type="application/octet-stream" xlink:href="source/output/field_populations/no_choice_experiment_specific_growth_rate_emm_contrasts.csv"/>
  </item>
  <item item-type="article-source">
    <instance media-type="image/png" xlink:href="source/output/field_populations/raw_visualization/choice_experiment_diet_pair_raw_graph.png"/>
  </item>
  <item item-type="article-source">
    <instance media-type="image/png" xlink:href="source/output/field_populations/raw_visualization/choice_experiment_population_raw_graph.png"/>
  </item>
  <item item-type="article-source">
    <instance media-type="image/png" xlink:href="source/output/field_populations/raw_visualization/choice_experiment_sex_raw_graph.png"/>
  </item>
  <item item-type="article-source">
    <instance media-type="image/png" xlink:href="source/output/field_populations/raw_visualization/no_choice_experiment_diet_pair_raw_graph.png"/>
  </item>
  <item item-type="article-source">
    <instance media-type="image/png" xlink:href="source/output/field_populations/raw_visualization/no_choice_experiment_sex_raw_graph.png"/>
  </item>
  <item item-type="article-source">
    <instance media-type="image/png" xlink:href="source/output/publication_figures/field_cage_locust_intake_rebalance_day_facet_plot.png"/>
  </item>
  <item item-type="article-source">
    <instance media-type="image/png" xlink:href="source/output/publication_figures/field_cage_locust_intake_target_rebalancing.png"/>
  </item>
  <item item-type="article-source">
    <instance media-type="image/png" xlink:href="source/output/publication_figures/field_cage_plant_and_soil_nutrient_correlations.png"/>
  </item>
  <item item-type="article-source">
    <instance media-type="image/png" xlink:href="source/output/publication_figures/field_cage_plant_locust_figure.png"/>
  </item>
  <item item-type="article-source">
    <instance media-type="image/png" xlink:href="source/output/publication_figures/field_population_intake_target_figure.png"/>
  </item>
  <item item-type="article-source">
    <instance media-type="image/png" xlink:href="source/output/publication_figures/spatial_modeling_environment_correlation_figure.png"/>
  </item>
  <item item-type="article-source">
    <instance media-type="image/png" xlink:href="source/output/publication_figures/spatial_modeling_grid_example_map.png"/>
  </item>
  <item item-type="article-source">
    <instance media-type="image/png" xlink:href="source/output/publication_figures/spatial_modeling_locust_env_map.png"/>
  </item>
  <item item-type="article-source">
    <instance media-type="image/png" xlink:href="source/output/publication_figures/supplement_figure_3.png"/>
  </item>
  <item item-type="article-source">
    <instance media-type="application/octet-stream" xlink:href="source/output/publication_tables/field_cage_final_locust_mass_model_summary.csv"/>
  </item>
  <item item-type="article-source">
    <instance media-type="application/octet-stream" xlink:href="source/output/publication_tables/field_cage_locust_nutrient_rebalancing_model_summary.csv"/>
  </item>
  <item item-type="article-source">
    <instance media-type="application/octet-stream" xlink:href="source/output/publication_tables/field_cage_plant_ground_cover.csv"/>
  </item>
  <item item-type="article-source">
    <instance media-type="application/octet-stream" xlink:href="source/output/publication_tables/field_cage_plant_nutrients_model_summary.csv"/>
  </item>
  <item item-type="article-source">
    <instance media-type="application/octet-stream" xlink:href="source/output/publication_tables/field_cage_plant_species_nutrient_content.csv"/>
  </item>
  <item item-type="article-source">
    <instance media-type="application/octet-stream" xlink:href="source/output/publication_tables/field_population_choice_experiment_model_selection_criteria.csv"/>
  </item>
  <item item-type="article-source">
    <instance media-type="application/octet-stream" xlink:href="source/output/publication_tables/field_population_choice_model_result.csv"/>
  </item>
  <item item-type="article-source">
    <instance media-type="application/octet-stream" xlink:href="source/output/publication_tables/field_population_no_choice_development_time_model_selection_criteria.csv"/>
  </item>
  <item item-type="article-source">
    <instance media-type="application/octet-stream" xlink:href="source/output/publication_tables/field_population_no_choice_sgr_dev_posthoc_comparison_results.csv"/>
  </item>
  <item item-type="article-source">
    <instance media-type="application/octet-stream" xlink:href="source/output/publication_tables/field_population_no_choice_sgr_dev_result.csv"/>
  </item>
  <item item-type="article-source">
    <instance media-type="application/octet-stream" xlink:href="source/output/publication_tables/field_population_no_choice_specific_growth_rate_model_selection_criteria.csv"/>
  </item>
  <item item-type="article-source">
    <instance media-type="application/octet-stream" xlink:href="source/references.bib"/>
  </item>
  <item item-type="article-source-environment">
    <instance media-type="application/octet-stream" xlink:href="source/renv.lock"/>
  </item>
  <item item-type="article-source">
    <instance media-type="application/octet-stream" xlink:href="source/renv/.gitignore"/>
  </item>
  <item item-type="article-source">
    <instance media-type="application/octet-stream" xlink:href="source/renv/activate.R"/>
  </item>
  <item item-type="article-source">
    <instance media-type="application/json" xlink:href="source/renv/settings.json"/>
  </item>
  <item item-type="article-source">
    <instance media-type="application/x-ipynb+json" xlink:href="source/scripts/field_cage_experiment/01_field_cages_plant_nutrient_analyses.ipynb"/>
  </item>
  <item item-type="article-source">
    <instance media-type="application/x-ipynb+json" xlink:href="source/scripts/field_cage_experiment/02_field_cages_locust_physiology_analyses.ipynb"/>
  </item>
  <item item-type="article-source">
    <instance media-type="application/x-ipynb+json" xlink:href="source/scripts/field_cage_experiment/03_field_cage_manuscript_figure_table_code.ipynb.ipynb"/>
  </item>
  <item item-type="article-source">
    <instance media-type="application/x-ipynb+json" xlink:href="source/scripts/field_populations/01_field_population_intake_target_choice_diet_analysis.ipynb"/>
  </item>
  <item item-type="article-source">
    <instance media-type="application/x-ipynb+json" xlink:href="source/scripts/field_populations/02_field_population_intake_target_no_choice_diet_analysis.ipynb"/>
  </item>
  <item item-type="article-source">
    <instance media-type="application/x-ipynb+json" xlink:href="source/scripts/field_populations/03_field_population_intake_target_manuscript_figure_table_code.ipynb"/>
  </item>
  <item item-type="article-source">
    <instance media-type="application/octet-stream" xlink:href="source/scripts/functions/fishnet_grid_function.py"/>
  </item>
  <item item-type="article-source">
    <instance media-type="application/x-ipynb+json" xlink:href="source/scripts/spatial_modeling/01_fishnet_grid_construction.ipynb"/>
  </item>
  <item item-type="article-source">
    <instance media-type="application/x-ipynb+json" xlink:href="source/scripts/spatial_modeling/02_fishnet_google_earth_engine_extraction.ipynb"/>
  </item>
  <item item-type="article-source">
    <instance media-type="application/x-ipynb+json" xlink:href="source/scripts/spatial_modeling/03_australian_plague_locust_raw_data_visualization.ipynb"/>
  </item>
  <item item-type="article-source">
    <instance media-type="application/x-ipynb+json" xlink:href="source/scripts/spatial_modeling/04_environmental_correlations_map_nitrogen_phosphorus_woody_cover.ipynb"/>
  </item>
  <item item-type="article-source">
    <instance media-type="application/x-ipynb+json" xlink:href="source/scripts/spatial_modeling/05_locust_distribution_soil_nutrient_mapping.ipynb"/>
  </item>
  <item item-type="article-source">
    <instance media-type="application/x-ipynb+json" xlink:href="source/scripts/spatial_modeling/06_spatial_modeling_figure_table_construction_code.ipynb"/>
  </item>
  <item item-type="article-source-directory">
    <instance media-type="application/x-directory" xlink:href="source"/>
  </item>
</manifest>